"DESCRIPTION","DURATION IN MS","NAME","PARENT SUITE","START TIME","STATUS","STOP TIME","SUB SUITE","SUITE","TEST CLASS","TEST METHOD"
"","1943","@regression Update a user test","chromium","2026-10-08","passed","2026-10-08","","api/user.api.individual.spec.ts","",""
"","3614","@regression verify search results count - macbook - MacBook Air","chromium","2026-10-08","passed","2026-10-08","","searchpage.spec.ts","",""
"","1095","@regression DELETE API -- delete a user","chromium","2026-10-08","passed","2026-10-08","running e2e go rest crud apis tests","api/user.api.spec.ts","",""
"","2975","@regression login to app with invalid credentials with CSV data - - pw1234","chromium","2026-10-08","passed","2026-10-08","","loginpagefix.spec.ts","",""
"","252","@regression get albums data test","chromium","2026-10-08","passed","2026-10-08","","api/spotify.oauth2.spec.ts","",""
"","3871","@regression verify search results count - imac - iMac","chromium","2026-10-08","passed","2026-10-08","","searchpage.spec.ts","",""
"","941","@smoke @regression GET API - get all users","chromium","2026-10-08","passed","2026-10-08","running e2e go rest crud apis tests","api/user.api.spec.ts","",""
"","3040","@regression login to app with invalid credentials with CSV data - pwapril@pw.com -","chromium","2026-10-08","passed","2026-10-08","","loginpagefix.spec.ts","",""
"","2093","@regression Delete a user test","chromium","2026-10-08","passed","2026-10-08","","api/user.api.individual.spec.ts","",""
"","5243","@regression verify product images count","chromium","2026-10-08","passed","2026-10-08","","productpage.spec.ts","",""
"","3861","@regression verify search results count - samsung - Samsung Galaxy Tab 10.1","chromium","2026-10-08","passed","2026-10-08","","searchpage.spec.ts","",""
"","256","@regression booking CRUD with token","chromium","2026-10-08","passed","2026-10-08","","api/booking.api.spec.ts","",""
"","901","@regression PUT API -- update a user","chromium","2026-10-08","passed","2026-10-08","running e2e go rest crud apis tests","api/user.api.spec.ts","",""
"","783","@regression Create a user test","chromium","2026-10-08","passed","2026-10-08","","api/user.api.individual.spec.ts","",""
"","3681","@regression home page headers exist test","chromium","2026-10-08","passed","2026-10-08","","homepagefix.spec.ts","",""
"","3912","@regression verify search results count - macbook - MacBook Pro","chromium","2026-10-08","passed","2026-10-08","","searchpage.spec.ts","",""
"Verify user can login with valid credentials","3447","@regression user is able to login to app with valid credentials","chromium","2026-10-08","passed","2026-10-08","","Login Tests","",""
"","2947","@regression login to app with invalid credentials with CSV data - invalid@open.com - wrong123","chromium","2026-10-08","passed","2026-10-08","","loginpagefix.spec.ts","",""
"","2450","@regression forgot pwd link exist test","chromium","2026-10-08","passed","2026-10-08","","loginpagefix.spec.ts","",""
"","397","@regression POST API -- create a user","chromium","2026-10-08","passed","2026-10-08","running e2e go rest crud apis tests","api/user.api.spec.ts","",""
"","4829","@regression verify product information/data","chromium","2026-10-08","passed","2026-10-08","","productpage.spec.ts","",""
